有,期,徒,刑
三,年
 
缓,刑
四,年
 
EEENNNDDD
有,期,徒,刑
二,年
 
缓,刑
三,年
 
EEENNNDDD
有,期,徒,刑
十,个,月
 
缓,刑
一,年
 
EEENNNDDD
有,期,徒,刑
一
年
零
二
个
月
 
经,济,损,失
共,计
人,民,币
1,8,2,6,4,9,.,6,2
元
 
EEENNNDDD
有,期,徒,刑
一,年
 
缓,刑
一,年
 
完,成
公,益,劳,动
 
EEENNNDDD
有,期,徒,刑
一,年
 
缓,刑
一,年
 
实,行
社,区
矫,正
 
EEENNNDDD
有,期,徒,刑
一,年
 
EEENNNDDD
判,处,拘,役
四,个,月
 
缓,刑
六,个,月
 
EEENNNDDD
有,期,徒,刑
三,年
 
缓,刑
四,年
 
EEENNNDDD
有,期,徒,刑
三,年
 
缓,刑
三,年
 
中,国
太,平,洋
财,产
保,险
股,份
有,限,公,司
秦,皇,岛
中,心
支
公,司
 
赔,偿
附,带
民,事,诉,讼
 
人,民,币
3,1,6,4,.,2,2
元
 
赔,偿
附,带
民,事,诉,讼
 
人,民,币
7,7,6,9,.,5,6
元
 
赔,偿
附,带
民,事,诉,讼
 
人,民,币
6,6,.,2,2
元
 
中,国
人,寿
财,产
保,险
股,份
有,限,公,司
秦,皇,岛
市,中,心
支
公,司
 
赔,偿
附,带
民,事,诉,讼
 
EEENNNDDD
EEENNNDDD
不
承,担
本,案
赔,偿
责,任
 
EEENNNDDD
有,期,徒,刑
五,年
 
EEENNNDDD
判,处,拘,役
五,个,月
 
缓,刑
六,个,月
 
EEENNNDDD
有,期,徒,刑
一,年
又
六,个,月
 
宣,告
缓,刑
二,年
 
EEENNNDDD
有,期,徒,刑
八,个,月
 
缓,刑
一,年
 
EEENNNDDD
有,期,徒,刑
一,年
 
缓,刑
一,年
 
EEENNNDDD
EEENNNDDD
有,期,徒,刑
三,年
 
缓,刑
五,年
 
EEENNNDDD
有,期,徒,刑
一,年
三,个,月
 
缓,刑
二,年
 
EEENNNDDD
有,期,徒,刑
一,年
三,个,月
 
缓,刑
一,年
六,个,月
 
EEENNNDDD
EEENNNDDD
有,期,徒,刑
三,年
 
缓,刑
四,年
 
EEENNNDDD
有,期,徒,刑
三,年
 
缓,刑
四,年
 
EEENNNDDD
有,期,徒,刑
三,年
 
缓,刑
四,年
 
EEENNNDDD
有,期,徒,刑
一,年
 
缓,刑
二,年
 
EEENNNDDD
有,期,徒,刑
一,年
六,个,月
 
缓,刑
二,年
 
EEENNNDDD
有,期,徒,刑
三,年
 
缓,刑
三,年
 
EEENNNDDD
有,期,徒,刑
三,年
 
EEENNNDDD
有,期,徒,刑
六,个,月
 
缓,刑
一,年
 
EEENNNDDD
有,期,徒,刑
十,个,月
 
缓,刑
一,年
 
EEENNNDDD
有,期,徒,刑
九,个,月
 
缓,刑
一,年
 
EEENNNDDD
有,期,徒,刑
一,年
 
缓,刑
一,年
 
EEENNNDDD
有,期,徒,刑
九,个,月
 
缓,刑
一,年
 
EEENNNDDD
有,期,徒,刑
十,个,月
 
缓,刑
一,年
 
EEENNNDDD
有,期,徒,刑
三,年
 
缓,刑
三,年
 
EEENNNDDD
有,期,徒,刑
一,年
四,个,月
 
缓,刑
一,年
六,个,月
 
EEENNNDDD
EEENNNDDD
有,期,徒,刑
十,个,月
 
缓,刑
一,年
 
EEENNNDDD
EEENNNDDD
EEENNNDDD
EEENNNDDD
EEENNNDDD
EEENNNDDD
EEENNNDDD
EEENNNDDD
EEENNNDDD
EEENNNDDD
EEENNNDDD
EEENNNDDD
EEENNNDDD
EEENNNDDD
EEENNNDDD
有,期,徒,刑
八,个,月
 
EEENNNDDD
EEENNNDDD
有,期,徒,刑
一,年
 
缓,刑
二,年
 
有,期,徒,刑
十,个,月
 
缓,刑
一,年
 
EEENNNDDD
有,期,徒,刑
一,年
 
缓,刑
一,年
 
EEENNNDDD
有,期,徒,刑
七,个,月
 
缓,刑
一,年
 
EEENNNDDD
EEENNNDDD
有,期,徒,刑
一,年
 
缓,刑
二,年
 
EEENNNDDD
判,处,拘,役
六,个,月
 
缓,刑
十,个,月
 
EEENNNDDD
有,期,徒,刑
一,年
 
缓,刑
二,年
 
EEENNNDDD
有,期,徒,刑
九,个,月
 
缓,刑
一,年
 
EEENNNDDD
判,处,拘,役
三,个,月
十,八,日
 
EEENNNDDD
有,期,徒,刑
一,年
 
缓,刑
二,年
 
EEENNNDDD
有,期,徒,刑
一,年
三,个,月
 
缓,刑
一,年
六,个,月
 
EEENNNDDD
有,期,徒,刑
九,个,月
 
缓,刑
一,年
 
EEENNNDDD
有,期,徒,刑
七,个,月
 
EEENNNDDD
免,予
刑,事
处,罚
 
EEENNNDDD
有,期,徒,刑
一,年
二
个
月
 
缓,刑
一,年
六,个,月
 
EEENNNDDD
有,期,徒,刑
一,年
八,个,月
 
缓,刑
二,年
 
EEENNNDDD
有,期,徒,刑
一,年
 
缓,刑
二,年
 
EEENNNDDD
有,期,徒,刑
一,年
又
二
个
月
 
缓,刑
二,年
 
EEENNNDDD
有,期,徒,刑
一,年
 
缓,刑
一,年
 
完,成
公,益,劳,动
 
EEENNNDDD
有,期,徒,刑
一,年
六,个,月
 
缓,刑
一,年
六,个,月
 
完,成
公,益,劳,动
 
EEENNNDDD
有,期,徒,刑
三,年
 
缓,刑
三,年
 
接,受
社,区
矫,正
 
EEENNNDDD
有,期,徒,刑
一
年
 
寻,衅,滋,事
罪
 
有,期,徒,刑
十
一,个
月
 
决,定
执,行
有,期,徒,刑
一,年
六,个,月
 
EEENNNDDD
有,期,徒,刑
三,年
 
缓,刑
四,年
 
EEENNNDDD
有,期,徒,刑
一,年
二
个
月
 
EEENNNDDD
有,期,徒,刑
三,年
 
缓,刑
四,年
 
EEENNNDDD
有,期,徒,刑
三,年
 
缓,刑
四,年
 
接,受
社,区
矫,正
 
EEENNNDDD
有,期,徒,刑
二,年
 
缓,刑
三,年
 
EEENNNDDD
有,期,徒,刑
三,年
 
缓,刑
四,年
 
EEENNNDDD
有,期,徒,刑
一,年
二
个
月
 
缓,刑
一,年
六,个,月
 
EEENNNDDD
有,期,徒,刑
一,年
 
缓,刑
二,年
 
完,成
公,益,劳,动
 
EEENNNDDD
有,期,徒,刑
四,年
 
EEENNNDDD
EEENNNDDD
EEENNNDDD
EEENNNDDD
EEENNNDDD
EEENNNDDD
EEENNNDDD
有,期,徒,刑
三,年
七,个,月
 
EEENNNDDD
有,期,徒,刑
一,年
六,个,月
 
缓,刑
二,年
六,个,月
 
EEENNNDDD
有,期,徒,刑
三,年
 
缓,刑
五,年
 
EEENNNDDD
有,期,徒,刑
十,个,月
 
缓,刑
一,年
 
EEENNNDDD
有,期,徒,刑
十,个,月
 
缓,刑
一,年
 
EEENNNDDD
有,期,徒,刑
六,个,月
 
EEENNNDDD
有,期,徒,刑
一,年
 
缓,刑
一,年
 
EEENNNDDD
有,期,徒,刑
三,年
 
缓,刑
四,年
 
EEENNNDDD
有,期,徒,刑
十
一,个
月
 
EEENNNDDD
有,期,徒,刑
一,年
三,个,月
 
缓,刑
一,年
六,个,月
 
EEENNNDDD
有,期,徒,刑
二,年
 
缓,刑
三,年
 
EEENNNDDD
判,处,拘,役
五,个,月
 
缓,刑
六,个,月
 
EEENNNDDD
有,期,徒,刑
一,年
 
缓,刑
一,年
 
EEENNNDDD
有,期,徒,刑
一,年
 
缓,刑
二,年
 
EEENNNDDD
有,期,徒,刑
一,年
 
缓,刑
一,年
 
EEENNNDDD
有,期,徒,刑
一,年
 
缓,刑
一,年
 
EEENNNDDD
有,期,徒,刑
一,年
二
个
月
 
缓,刑
一,年
六,个,月
 
EEENNNDDD
EEENNNDDD
EEENNNDDD
EEENNNDDD
刑,事
判,决
 
免,予
刑,事
处,罚
 
EEENNNDDD
有,期,徒,刑
二,年
 
EEENNNDDD
有,期,徒,刑
二,年
六,个,月
 
EEENNNDDD
EEENNNDDD
有,期,徒,刑
一,年
 
缓,刑
二,年
 
EEENNNDDD
有,期,徒,刑
六,个,月
 
缓,刑
一,年
 
EEENNNDDD
有,期,徒,刑
十,个,月
 
有,期,徒,刑
十
一,个
月
 
EEENNNDDD
有,期,徒,刑
一,年
八,个,月
 
EEENNNDDD
有,期,徒,刑
一,年
 
缓,刑
二,年
 
EEENNNDDD
有,期,徒,刑
二,年
 
缓,刑
二,年
 
EEENNNDDD
有,期,徒,刑
一,年
 
缓,刑
二,年
 
EEENNNDDD
有,期,徒,刑
十,个,月
 
缓,刑
一,年
 
完,成
公,益,劳,动
 
EEENNNDDD
有,期,徒,刑
一,年
 
缓,刑
二,年
 
EEENNNDDD
有,期,徒,刑
一,年
 
缓,刑
一,年
 
EEENNNDDD
有,期,徒,刑
三,年
 
缓,刑
五,年
 
EEENNNDDD
有,期,徒,刑
八,个,月
 
缓,刑
一,年
 
EEENNNDDD
有,期,徒,刑
一,年
六,个,月
 
缓,刑
二,年
 
EEENNNDDD
有,期,徒,刑
八,个,月
 
缓,刑
一,年
 
EEENNNDDD
有,期,徒,刑
一,年
二
个
月
 
EEENNNDDD
有,期,徒,刑
一,年
三,个,月
 
缓,刑
一,年
六,个,月
 
EEENNNDDD
有,期,徒,刑
一,年
二
个
月
 
缓,刑
一,年
六,个,月
 
EEENNNDDD
有,期,徒,刑
七,个,月
 
缓,刑
一,年
 
EEENNNDDD
有,期,徒,刑
一
年
零
六,个,月
 
缓,刑
二,年
 
EEENNNDDD
有,期,徒,刑
八,个,月
 
缓,刑
一,年
 
EEENNNDDD
有,期,徒,刑
一,年
 
缓,刑
一,年
 
EEENNNDDD
有,期,徒,刑
十,个,月
 
缓,刑
一,年
六,个,月
 
EEENNNDDD
EEENNNDDD
有,期,徒,刑
一,年
 
缓,刑
二,年
 
EEENNNDDD
EEENNNDDD
有,期,徒,刑
八,个,月
 
缓,刑
一,年
 
EEENNNDDD
EEENNNDDD
有,期,徒,刑
一,年
 
缓,刑
一,年
 
EEENNNDDD
有,期,徒,刑
十,个,月
 
缓,刑
一,年
 
EEENNNDDD
有,期,徒,刑
一,年
 
缓,刑
一,年
六,个,月
 
EEENNNDDD
EEENNNDDD
EEENNNDDD
有,期,徒,刑
一,年
 
缓,刑
一,年
 
EEENNNDDD
EEENNNDDD
有,期,徒,刑
一,年
 
缓,刑
二,年
 
EEENNNDDD
有,期,徒,刑
一,年
三,个,月
 
缓,刑
一,年
六,个,月
 
EEENNNDDD
有,期,徒,刑
三,年
 
缓,刑
五,年
 
EEENNNDDD
EEENNNDDD
有,期,徒,刑
一,年
三,个,月
 
缓,刑
一,年
六,个,月
 
EEENNNDDD
EEENNNDDD
有,期,徒,刑
一,年
 
缓,刑
一,年
六,个,月
 
EEENNNDDD
有,期,徒,刑
三,年
 
缓,刑
三,年
 
EEENNNDDD
有,期,徒,刑
一,年
 
缓,刑
两
年
 
EEENNNDDD
免,予
刑,事
处,罚
 
EEENNNDDD
有,期,徒,刑
一,年
二
个
月
 
EEENNNDDD
有,期,徒,刑
八,个,月
 
缓,刑
一,年
 
EEENNNDDD
有,期,徒,刑
一,年
六,个,月
 
EEENNNDDD
有,期,徒,刑
三,年
 
缓,刑
三,年
 
EEENNNDDD
有,期,徒,刑
一,年
 
缓,刑
一,年
 
EEENNNDDD
EEENNNDDD
有,期,徒,刑
九,个,月
 
缓,刑
一,年
 
EEENNNDDD
有,期,徒,刑
一,年
 
缓,刑
一,年
 
EEENNNDDD
有,期,徒,刑
一,年
 
缓,刑
二,年
 
EEENNNDDD
有,期,徒,刑
一,年
十,个,月
 
EEENNNDDD
有,期,徒,刑
一,年
 
缓,刑
二,年
 
EEENNNDDD
有,期,徒,刑
一,年
十,个,月
 
EEENNNDDD
有,期,徒,刑
一,年
 
缓,刑
一,年
 
EEENNNDDD
有,期,徒,刑
三,年
 
EEENNNDDD
有,期,徒,刑
十
一,个
月
 
EEENNNDDD
有,期,徒,刑
八,个,月
 
EEENNNDDD
有,期,徒,刑
一,年
八,个,月
 
缓,刑
二,年
 
EEENNNDDD
有,期,徒,刑
一,年
 
缓,刑
一,年
 
EEENNNDDD
有,期,徒,刑
三,年
六,个,月
 
EEENNNDDD
有,期,徒,刑
一,年
 
缓,刑
二,年
 
EEENNNDDD
有,期,徒,刑
四,年
六,个,月
 
EEENNNDDD
有,期,徒,刑
九,个,月
 
缓,刑
一,年
 
EEENNNDDD
有,期,徒,刑
一
年
零
六,个,月
 
缓,刑
二,年
 
EEENNNDDD
有,期,徒,刑
十,个,月
 
缓,刑
一,年
三,个,月
 
EEENNNDDD
有,期,徒,刑
一,年
 
缓,刑
考,验
期,限
为
二,年
 
EEENNNDDD
EEENNNDDD
有,期,徒,刑
七,个,月
 
缓,刑
一,年
 
EEENNNDDD
有,期,徒,刑
三,年
 
缓,刑
四,年
 
EEENNNDDD
有,期,徒,刑
一,年
 
缓,刑
一,年
六,个,月
 
EEENNNDDD
EEENNNDDD
有,期,徒,刑
三,年
 
缓,刑
四,年
 
EEENNNDDD
有,期,徒,刑
一,年
 
缓,刑
二,年
 
EEENNNDDD
有,期,徒,刑
一,年
 
EEENNNDDD
有,期,徒,刑
一,年
 
缓,刑
一,年
 
EEENNNDDD
有,期,徒,刑
二,年
 
缓,刑
二,年
 
EEENNNDDD
有,期,徒,刑
一,年
三,个,月
 
缓,刑
一,年
六,个,月
 
EEENNNDDD
有,期,徒,刑
一,年
四,个,月
 
缓,刑
一,年
六,个,月
 
EEENNNDDD
有,期,徒,刑
三,年
 
缓,刑
五,年
 
EEENNNDDD
EEENNNDDD
有,期,徒,刑
三,年
九,个,月
 
EEENNNDDD
有,期,徒,刑
三,年
 
缓,刑
四,年
 
完,成
公,益,劳,动
 
EEENNNDDD
有,期,徒,刑
一,年
 
缓,刑
一
年
零
六,个,月
 
EEENNNDDD
有,期,徒,刑
六,个,月
 
EEENNNDDD
有,期,徒,刑
一,年
 
缓,刑
二,年
 
EEENNNDDD
有,期,徒,刑
十,个,月
 
缓,刑
一,年
 
EEENNNDDD
有,期,徒,刑
十,个,月
 
EEENNNDDD
参,加
公,益,劳,动
 
有,期,徒,刑
一
年
零
二
个
月
 
缓,刑
二,年
 
EEENNNDDD
有,期,徒,刑
一
年
零
四,个,月
 
EEENNNDDD
有,期,徒,刑
一,年
六,个,月
 
缓,刑
二,年
 
实,行
社,区
矫,正
 
EEENNNDDD
有,期,徒,刑
九,个,月
 
缓,刑
一,年
 
EEENNNDDD
EEENNNDDD
有,期,徒,刑
三,年
 
缓,刑
四,年
 
EEENNNDDD
有,期,徒,刑
一,年
四,个,月
 
有,期,徒,刑
七,个,月
十,五,日
 
EEENNNDDD
有,期,徒,刑
三,年
 
缓,刑
三,年
 
EEENNNDDD
有,期,徒,刑
一,年
三,个,月
 
缓,刑
一,年
九,个,月
 
EEENNNDDD
有,期,徒,刑
一,年
二
个
月
 
EEENNNDDD
有,期,徒,刑
一,年
 
缓,刑
一,年
 
EEENNNDDD
有,期,徒,刑
四,年
 
EEENNNDDD
有,期,徒,刑
一
年
零
六,个,月
 
缓,刑
二,年
 
EEENNNDDD
有,期,徒,刑
三,年
 
缓,刑
四,年
 
EEENNNDDD
有,期,徒,刑
十,个,月
 
缓,刑
一,年
 
EEENNNDDD
EEENNNDDD
有,期,徒,刑
九,个,月
 
有,期,徒,刑
一,年
 
有,期,徒,刑
一,年
八,个,月
 
EEENNNDDD
EEENNNDDD
EEENNNDDD
有,期,徒,刑
三,年
 
缓,刑
四,年
 
EEENNNDDD
有,期,徒,刑
一,年
六,个,月
 
缓,刑
一,年
 
EEENNNDDD
有,期,徒,刑
二,年
 
缓,刑
二,年
 
EEENNNDDD
有,期,徒,刑
一,年
二
个
月
 
缓,刑
一,年
六,个,月
 
EEENNNDDD
有,期,徒,刑
一,年
 
缓,刑
二,年
 
EEENNNDDD
有,期,徒,刑
十,个,月
 
缓,刑
一,年
 
EEENNNDDD
有,期,徒,刑
一,年
 
缓,刑
一,年
 
EEENNNDDD
EEENNNDDD
有,期,徒,刑
一,年
 
缓,刑
二,年
 
EEENNNDDD
有,期,徒,刑
四,年
 
EEENNNDDD
有,期,徒,刑
二,年
 
缓,刑
三,年
 
EEENNNDDD
有,期,徒,刑
二,年
 
EEENNNDDD
有,期,徒,刑
二,年
六,个,月
 
EEENNNDDD
有,期,徒,刑
一,年
 
缓,刑
二,年
 
EEENNNDDD
有,期,徒,刑
一,年
七,个,月
 
EEENNNDDD
有,期,徒,刑
三,年
 
缓,刑
三,年
 
EEENNNDDD
有,期,徒,刑
一,年
 
缓,刑
一,年
六,个,月
 
EEENNNDDD
完,成
公,益,劳,动
 
有,期,徒,刑
一,年
 
缓,刑
一,年
六,个,月
 
EEENNNDDD
有,期,徒,刑
九,个,月
 
缓,刑
一,年
 
EEENNNDDD
有,期,徒,刑
一,年
 
缓,刑
一,年
 
EEENNNDDD
有,期,徒,刑
一,年
 
缓,刑
二,年
 
EEENNNDDD
有,期,徒,刑
一,年
 
缓,刑
二,年
 
EEENNNDDD
有,期,徒,刑
一,年
六,个,月
 
缓,刑
二,年
 
EEENNNDDD
有,期,徒,刑
七,个,月
 
缓,刑
一,年
 
EEENNNDDD
有,期,徒,刑
十,个,月
 
缓,刑
一,年
 
EEENNNDDD
有,期,徒,刑
三,年
 
缓,刑
四,年
 
EEENNNDDD
有,期,徒,刑
一,年
 
缓,刑
一,年
 
EEENNNDDD
有,期,徒,刑
一,年
 
缓,刑
一,年
 
完,成
公,益,劳,动
 
EEENNNDDD
有,期,徒,刑
一,年
 
缓,刑
一,年
 
EEENNNDDD
有,期,徒,刑
一,年
四,个,月
 
EEENNNDDD
有,期,徒,刑
一,年
 
缓,刑
一,年
 
EEENNNDDD
有,期,徒,刑
一,年
 
EEENNNDDD
EEENNNDDD
EEENNNDDD
EEENNNDDD
EEENNNDDD
EEENNNDDD
EEENNNDDD
EEENNNDDD
EEENNNDDD
EEENNNDDD
EEENNNDDD
EEENNNDDD
有,期,徒,刑
三,年
 
缓,刑
四,年
 
EEENNNDDD
有,期,徒,刑
一,年
 
缓,刑
一,年
三,个,月
 
EEENNNDDD
EEENNNDDD
有,期,徒,刑
十,个,月
 
缓,刑
一,年
 
EEENNNDDD
有,期,徒,刑
三,年
 
缓,刑
三,年
 
EEENNNDDD
有,期,徒,刑
一,年
 
缓,刑
二,年
 
EEENNNDDD
有,期,徒,刑
一,年
 
缓,刑
二,年
 
EEENNNDDD
有,期,徒,刑
一,年
 
缓,刑
二,年
 
EEENNNDDD
EEENNNDDD
有,期,徒,刑
九,个,月
 
缓,刑
一,年
 
EEENNNDDD
有,期,徒,刑
三,年
 
缓,刑
三,年
 
EEENNNDDD
有,期,徒,刑
一,年
二
个
月
 
缓,刑
一,年
六,个,月
 
EEENNNDDD
EEENNNDDD
EEENNNDDD
EEENNNDDD
有,期,徒,刑
一,年
 
缓,刑
一,年
六,个,月
 
EEENNNDDD
有,期,徒,刑
六,个,月
 
缓,刑
一,年
 
EEENNNDDD
有,期,徒,刑
三,年
 
缓,刑
四,年
 
EEENNNDDD
有,期,徒,刑
一,年
 
缓,刑
一,年
六,个,月
 
EEENNNDDD
有,期,徒,刑
一,年
 
缓,刑
一,年
六,个,月
 
EEENNNDDD
有,期,徒,刑
一,年
 
缓,刑
一,年
 
EEENNNDDD
有,期,徒,刑
三,年
 
缓,刑
四,年
 
EEENNNDDD
有,期,徒,刑
一,年
三,个,月
 
缓,刑
一,年
六,个,月
 
完,成
公,益,劳,动
 
EEENNNDDD
有,期,徒,刑
十,个,月
 
缓,刑
一,年
 
EEENNNDDD
有,期,徒,刑
三,年
 
缓,刑
三,年
 
EEENNNDDD
有,期,徒,刑
一,年
 
缓,刑
一,年
 
EEENNNDDD
有,期,徒,刑
二,年
 
EEENNNDDD
有,期,徒,刑
一,年
六,个,月
 
缓,刑
二,年
 
EEENNNDDD
有,期,徒,刑
十,个,月
 
缓,刑
一,年
 
EEENNNDDD
有,期,徒,刑
一,年
 
缓,刑
二,年
 
EEENNNDDD
有,期,徒,刑
三,年
 
缓,刑
三,年
 
EEENNNDDD
免,予
刑,事
处,罚
 
EEENNNDDD
有,期,徒,刑
十,个,月
 
缓,刑
一,年
 
EEENNNDDD
有,期,徒,刑
一,年
二
个
月
 
EEENNNDDD
有,期,徒,刑
三,年
 
缓,刑
三,年
 
EEENNNDDD
有,期,徒,刑
三,年
三,个,月
 
处
罚,金
3,0,0,0
元
 
有,期,徒,刑
三,年
七,个,月
 
合,并
有,期,徒,刑
六,年
十,个,月
 
处
罚,金
3,0,0,0
元
 
有,期,徒,刑
六,年
六,个,月
 
处
罚,金
3,0,0,0
元
 
EEENNNDDD
有,期,徒,刑
一,年
 
缓,刑
二,年
 
EEENNNDDD
有,期,徒,刑
一,年
 
缓,刑
二,年
 
EEENNNDDD
有,期,徒,刑
一,年
 
缓,刑
一,年
 
EEENNNDDD
判,处,拘,役
六,个,月
 
缓,刑
六,个,月
 
EEENNNDDD
有,期,徒,刑
三,年
 
缓,刑
四,年
 
EEENNNDDD
有,期,徒,刑
十,个,月
 
缓,刑
一,年
 
EEENNNDDD
判,处,拘,役
四,个,月
 
EEENNNDDD
有,期,徒,刑
一,年
 
缓,刑
一,年
 
EEENNNDDD
有,期,徒,刑
十,个,月
 
缓,刑
一,年
 
EEENNNDDD
EEENNNDDD
EEENNNDDD
有,期,徒,刑
一
年
零
二
个
月
 
缓,刑
二,年
 
EEENNNDDD
有,期,徒,刑
一,年
 
缓,刑
一,年
 
EEENNNDDD
有,期,徒,刑
一,年
 
缓,刑
二,年
 
EEENNNDDD
有,期,徒,刑
九,个,月
 
缓,刑
一,年
 
EEENNNDDD
有,期,徒,刑
七,个,月
 
缓,刑
一,年
 
EEENNNDDD
有,期,徒,刑
三,年
 
缓,刑
三,年
 
EEENNNDDD
有,期,徒,刑
十
一,个
月
 
缓,刑
一,年
 
EEENNNDDD
有,期,徒,刑
一,年
六,个,月
 
EEENNNDDD
有,期,徒,刑
九,个,月
 
缓,刑
一,年
 
EEENNNDDD
有,期,徒,刑
三,年
 
缓,刑
四,年
 
EEENNNDDD
有,期,徒,刑
三,年
 
缓,刑
四,年
 
EEENNNDDD
有,期,徒,刑
三,年
 
缓,刑
三,年
 
EEENNNDDD
有,期,徒,刑
二,年
 
缓,刑
三,年
 
EEENNNDDD
有,期,徒,刑
三,年
 
缓,刑
四,年
 
EEENNNDDD
有,期,徒,刑
二,年
六,个,月
 
缓,刑
三,年
 
EEENNNDDD
有,期,徒,刑
八,个,月
 
缓,刑
一,年
 
EEENNNDDD
有,期,徒,刑
三,年
 
缓,刑
四,年
 
EEENNNDDD
有,期,徒,刑
一,年
六,个,月
 
EEENNNDDD
EEENNNDDD
EEENNNDDD
EEENNNDDD
EEENNNDDD
EEENNNDDD
EEENNNDDD
EEENNNDDD
EEENNNDDD
EEENNNDDD
有,期,徒,刑
一,年
 
缓,刑
一,年
 
EEENNNDDD
有,期,徒,刑
一
年
零
四,个,月
 
缓,刑
二,年
 
EEENNNDDD
有,期,徒,刑
一,年
三,个,月
 
缓,刑
一,年
九,个,月
 
EEENNNDDD
有,期,徒,刑
十,个,月
 
缓,刑
一,年
 
EEENNNDDD
有,期,徒,刑
一
年
零
六,个,月
 
缓,刑
二,年
 
EEENNNDDD
有,期,徒,刑
一,年
六,个,月
 
缓,刑
三,年
 
EEENNNDDD
有,期,徒,刑
三,年
 
缓,刑
三,年
 
EEENNNDDD
有,期,徒,刑
一,年
 
缓,刑
一,年
六,个,月
 
EEENNNDDD
有,期,徒,刑
一,年
 
缓,刑
一,年
 
EEENNNDDD
有,期,徒,刑
七,个,月
 
缓,刑
一,年
 
EEENNNDDD
有,期,徒,刑
二,年
 
缓,刑
三,年
 
EEENNNDDD
有,期,徒,刑
九,个,月
 
缓,刑
一,年
 
EEENNNDDD
有,期,徒,刑
一,年
三,个,月
 
缓,刑
一,年
六,个,月
 
EEENNNDDD
有,期,徒,刑
三,年
 
缓,刑
五,年
 
EEENNNDDD
有,期,徒,刑
二,年
 
缓,刑
二,年
 
EEENNNDDD
EEENNNDDD
EEENNNDDD
EEENNNDDD
EEENNNDDD
EEENNNDDD
EEENNNDDD
EEENNNDDD
EEENNNDDD
EEENNNDDD
EEENNNDDD
EEENNNDDD
有,期,徒,刑
四,年
 
EEENNNDDD
EEENNNDDD
有,期,徒,刑
九,个,月
 
缓,刑
一,年
 
EEENNNDDD
有,期,徒,刑
三,年
 
缓,刑
考,验
期,限
为
四,年
 
EEENNNDDD
判,处,拘,役
五,个,月
 
EEENNNDDD
有,期,徒,刑
三,年
 
缓,刑
四,年
 
EEENNNDDD
有,期,徒,刑
六,个,月
 
缓,刑
一,年
 
EEENNNDDD
有,期,徒,刑
一,年
六,个,月
 
缓,刑
二,年
 
EEENNNDDD
有,期,徒,刑
一,年
 
缓,刑
一,年
 
EEENNNDDD
有,期,徒,刑
十,个,月
 
缓,刑
一,年
 
EEENNNDDD
有,期,徒,刑
二,年
 
EEENNNDDD
有,期,徒,刑
二,年
又
二
个
月
 
有,期,徒,刑
六,个,月
 
合,并
执,行
 
有,期,徒,刑
二,年
又
六,个,月
 
EEENNNDDD
有,期,徒,刑
一,年
六,个,月
 
缓,刑
二,年
 
EEENNNDDD
有,期,徒,刑
八,个,月
 
缓,刑
一,年
 
EEENNNDDD
有,期,徒,刑
六,个,月
 
EEENNNDDD
有,期,徒,刑
一,年
六,个,月
 
EEENNNDDD
有,期,徒,刑
十,个,月
 
缓,刑
一,年
 
EEENNNDDD
有,期,徒,刑
一,年
 
缓,刑
一,年
 
EEENNNDDD
有,期,徒,刑
一,年
二
个
月
 
缓,刑
二,年
 
EEENNNDDD
有,期,徒,刑
四,年
 
EEENNNDDD
有,期,徒,刑
九,个,月
 
缓,刑
一,年
 
EEENNNDDD
有,期,徒,刑
一,年
六,个,月
 
缓,刑
二,年
 
EEENNNDDD
有,期,徒,刑
一
年
零
六,个,月
 
EEENNNDDD
有,期,徒,刑
一,年
 
缓,刑
二,年
 
EEENNNDDD
有,期,徒,刑
一,年
 
缓,刑
一,年
 
EEENNNDDD
EEENNNDDD
有,期,徒,刑
六,个,月
 
EEENNNDDD
EEENNNDDD
EEENNNDDD
有,期,徒,刑
十,个,月
 
缓,刑
一,年
 
EEENNNDDD
有,期,徒,刑
一,年
六,个,月
 
缓,刑
二,年
 
EEENNNDDD
有,期,徒,刑
九,个,月
 
EEENNNDDD
积,极
赔,偿
 
有,期,徒,刑
六,个,月
 
缓,刑
一,年
 
EEENNNDDD
EEENNNDDD
有,期,徒,刑
十,个,月
 
缓,刑
一
年
零
六,个,月
 
EEENNNDDD
有,期,徒,刑
一,年
 
缓,刑
一,年
 
EEENNNDDD
EEENNNDDD
判,处,拘,役
一,个
月
 
有,期,徒,刑
十,个,月
 
决,定
执,行
有,期,徒,刑
十,个,月
并
处
 
EEENNNDDD
EEENNNDDD
EEENNNDDD
EEENNNDDD
有,期,徒,刑
一,年
 
EEENNNDDD
EEENNNDDD
EEENNNDDD
判,处,拘,役
三,个,月
 
EEENNNDDD
有,期,徒,刑
二,年
六,个,月
 
缓,刑
三,年
 
EEENNNDDD
有,期,徒,刑
一,年
 
缓,刑
一,年
 
EEENNNDDD
有,期,徒,刑
二,年
 
缓,刑
二,年
 
EEENNNDDD
有,期,徒,刑
三,年
 
缓,刑
四,年
 
EEENNNDDD
有,期,徒,刑
七,个,月
 
缓,刑
一,年
 
EEENNNDDD
有,期,徒,刑
二,年
 
EEENNNDDD
有,期,徒,刑
十,个,月
 
缓,刑
一,年
 
EEENNNDDD
有,期,徒,刑
九,个,月
 
缓,刑
一,年
 
EEENNNDDD
有,期,徒,刑
十,个,月
 
缓,刑
一,年
 
EEENNNDDD
有,期,徒,刑
七,个,月
 
EEENNNDDD
有,期,徒,刑
一,年
六,个,月
 
EEENNNDDD
有,期,徒,刑
九,个,月
 
缓,刑
一,年
 
EEENNNDDD
有,期,徒,刑
二,年
三,个,月
 
缓,刑
三,年
 
EEENNNDDD
有,期,徒,刑
七,个,月
 
缓,刑
一,年
 
EEENNNDDD
有,期,徒,刑
九,个,月
 
缓,刑
一,年
 
EEENNNDDD
有,期,徒,刑
一,年
四,个,月
 
缓,刑
二,年
 
EEENNNDDD
有,期,徒,刑
一,年
 
缓,刑
一,年
被,告,人
 
完,成
公,益,劳,动
 
EEENNNDDD
有,期,徒,刑
一,年
 
缓,刑
一,年
 
EEENNNDDD
有,期,徒,刑
一,年
 
缓,刑
一,年
 
EEENNNDDD
有,期,徒,刑
三,年
 
缓,刑
四,年
 
EEENNNDDD
有,期,徒,刑
一,年
 
缓,刑
一,年
 
EEENNNDDD
有,期,徒,刑
六,个,月
 
EEENNNDDD
有,期,徒,刑
二,年
 
缓,刑
二,年
 
EEENNNDDD
有,期,徒,刑
六,个,月
 
EEENNNDDD
有,期,徒,刑
一,年
 
缓,刑
一,年
 
EEENNNDDD
有,期,徒,刑
三,年
 
缓,刑
四,年
 
EEENNNDDD
有,期,徒,刑
一,年
 
缓,刑
一,年
 
EEENNNDDD
有,期,徒,刑
九,个,月
 
缓,刑
一,年
 
EEENNNDDD
有,期,徒,刑
三,年
 
缓,刑
四,年
 
EEENNNDDD
有,期,徒,刑
三,年
 
缓,刑
三,年
 
EEENNNDDD
有,期,徒,刑
一,年
八,个,月
 
缓,刑
二,年
 
EEENNNDDD
有,期,徒,刑
九,个,月
 
缓,刑
一,年
 
EEENNNDDD
有,期,徒,刑
十,个,月
 
缓,刑
一,年
 
EEENNNDDD
有,期,徒,刑
一,年
 
缓,刑
一,年
六,个,月
 
EEENNNDDD
有,期,徒,刑
六,个,月
 
缓,刑
一,年
 
EEENNNDDD
有,期,徒,刑
四,年
 
EEENNNDDD
有,期,徒,刑
十,个,月
 
缓,刑
一,年
六,个,月
 
EEENNNDDD
有,期,徒,刑
一,年
 
缓,刑
一,年
 
EEENNNDDD
判,处,拘,役
五,个,月
 
EEENNNDDD
有,期,徒,刑
三,年
 
缓,刑
四,年
 
EEENNNDDD
EEENNNDDD
有,期,徒,刑
三,年
六,个,月
 
EEENNNDDD
有,期,徒,刑
一,年
 
缓,刑
一,年
六,个,月
 
EEENNNDDD
EEENNNDDD
EEENNNDDD
EEENNNDDD
有,期,徒,刑
十,个,月
 
EEENNNDDD
有,期,徒,刑
一,年
 
缓,刑
一,年
 
EEENNNDDD
有,期,徒,刑
六,个,月
 
缓,刑
一,年
 
EEENNNDDD
有,期,徒,刑
三,年
 
缓,刑
四,年
 
EEENNNDDD
EEENNNDDD
EEENNNDDD
有,期,徒,刑
三,年
 
缓,刑
四,年
 
EEENNNDDD
有,期,徒,刑
一,年
 
缓,刑
二,年
 
EEENNNDDD
判,处,拘,役
六,个,月
 
EEENNNDDD
有,期,徒,刑
一,年
 
缓,刑
一,年
 
EEENNNDDD
有,期,徒,刑
一,年
 
缓,刑
一,年
 
EEENNNDDD
EEENNNDDD
有,期,徒,刑
二,年
五,个,月
 
缓,刑
三,年
 
EEENNNDDD
EEENNNDDD
EEENNNDDD
有,期,徒,刑
一,年
 
缓,刑
一,年
 
EEENNNDDD
有,期,徒,刑
九,个,月
 
EEENNNDDD
有,期,徒,刑
一,年
 
缓,刑
二,年
 
EEENNNDDD
有,期,徒,刑
一,年
 
EEENNNDDD
有,期,徒,刑
三,年
 
缓,刑
四,年
 
EEENNNDDD
判,处,拘,役
四,个,月
 
EEENNNDDD
有,期,徒,刑
一,年
 
缓,刑
一,年
六,个,月
 
EEENNNDDD
有,期,徒,刑
一,年
四,个,月
 
缓,刑
二,年
 
EEENNNDDD
有,期,徒,刑
一,年
 
缓,刑
一,年
 
EEENNNDDD
有,期,徒,刑
一,年
六,个,月
 
缓,刑
二,年
 
EEENNNDDD
有,期,徒,刑
二,年
十,个,月
 
EEENNNDDD
有,期,徒,刑
三,年
十,个,月
 
EEENNNDDD
免,予
刑,事
处,罚
 
EEENNNDDD
有,期,徒,刑
一,年
 
缓,刑
一,年
六,个,月
 
EEENNNDDD
有,期,徒,刑
三,年
 
缓,刑
五,年
 
EEENNNDDD
有,期,徒,刑
三,年
 
缓,刑
四,年
 
完,成
公,益,劳,动
 
EEENNNDDD
有,期,徒,刑
一,年
十,个,月
 
EEENNNDDD
有,期,徒,刑
一,年
 
缓,刑
二,年
 
EEENNNDDD
判,处
有,期,徒,刑
五,年
 
EEENNNDDD
EEENNNDDD
EEENNNDDD
EEENNNDDD
EEENNNDDD
EEENNNDDD
EEENNNDDD
有,期,徒,刑
三,年
六,个,月
 
EEENNNDDD
EEENNNDDD
EEENNNDDD
EEENNNDDD
EEENNNDDD
有,期,徒,刑
一,年
 
缓,刑
一,年
 
EEENNNDDD
有,期,徒,刑
一,年
 
缓,刑
一,年
 
EEENNNDDD
有,期,徒,刑
一,年
 
缓,刑
二,年
 
EEENNNDDD
有,期,徒,刑
三,年
 
缓,刑
三,年
 
EEENNNDDD
有,期,徒,刑
三,年
 
缓,刑
四,年
 
EEENNNDDD
免,予
刑,事
处,罚
 
EEENNNDDD
有,期,徒,刑
三,年
 
缓,刑
四,年
 
EEENNNDDD
有,期,徒,刑
一,年
二
个
月
 
EEENNNDDD
有,期,徒,刑
七,个,月
 
EEENNNDDD
有,期,徒,刑
三,年
 
EEENNNDDD
有,期,徒,刑
三,年
 
缓,刑
四,年
 
EEENNNDDD
有,期,徒,刑
三,年
 
缓,刑
五,年
 
EEENNNDDD
有,期,徒,刑
九,个,月
 
缓,刑
一,年
六,个,月
 
EEENNNDDD
有,期,徒,刑
三,年
 
缓,刑
五,年
 
EEENNNDDD
免,予
刑,事
处,罚
 
EEENNNDDD
EEENNNDDD
EEENNNDDD
EEENNNDDD
有,期,徒,刑
一,年
 
缓,刑
一,年
 
EEENNNDDD
有,期,徒,刑
六,个,月
 
EEENNNDDD
有,期,徒,刑
六,个,月
 
EEENNNDDD
EEENNNDDD
EEENNNDDD
EEENNNDDD
EEENNNDDD
EEENNNDDD
EEENNNDDD
有,期,徒,刑
一,年
 
缓,刑
一,年
 
EEENNNDDD
EEENNNDDD
EEENNNDDD
有,期,徒,刑
三,年
 
缓,刑
五,年
 
EEENNNDDD
有,期,徒,刑
一,年
 
EEENNNDDD
有,期,徒,刑
一,年
二
个
月
 
缓,刑
一,年
六,个,月
 
EEENNNDDD
EEENNNDDD
有,期
徒
一,年
 
缓,刑
一,年
 
EEENNNDDD
EEENNNDDD
有,期,徒,刑
一,年
一,个
月
 
缓,刑
二,年
 
EEENNNDDD
EEENNNDDD
有,期,徒,刑
一,年
 
缓,刑
一,年
六,个,月
 
EEENNNDDD
EEENNNDDD
有,期,徒,刑
一,年
 
缓,刑
一,年
 
EEENNNDDD
EEENNNDDD
有,期,徒,刑
六,个,月
 
缓,刑
一,年
 
EEENNNDDD
EEENNNDDD
有,期,徒,刑
一,年
六,个,月
 
EEENNNDDD
有,期,徒,刑
一,年
六,个,月
 
缓,刑
二,年
 
EEENNNDDD
EEENNNDDD
有,期,徒,刑
三,年
 
缓,刑
四,年
 
EEENNNDDD
有,期,徒,刑
十
一,个
月
 
缓,刑
一,年
六,个,月
 
EEENNNDDD
EEENNNDDD
有,期,徒,刑
一,年
 
缓,刑
二,年
 
EEENNNDDD
有,期,徒,刑
三,年
 
缓,刑
五,年
 
EEENNNDDD
有,期,徒,刑
一,年
 
缓,刑
一,年
六,个,月
 
EEENNNDDD
有,期,徒,刑
一,年
 
缓,刑
二,年
 
EEENNNDDD
有,期,徒,刑
十
一,个
月
 
缓,刑
一,年
 
EEENNNDDD
有,期,徒,刑
七,个,月
 
缓,刑
一,年
 
完,成
公,益,劳,动
 
EEENNNDDD
有,期,徒,刑
十,个,月
 
缓,刑
一,年
 
EEENNNDDD
有,期,徒,刑
一,年
 
缓,刑
一,年
 
EEENNNDDD
有,期,徒,刑
四,年
 
EEENNNDDD
有,期,徒,刑
一,年
六,个,月
 
缓,刑
二,年
 
EEENNNDDD
有,期,徒,刑
一,年
六,个,月
 
缓,刑
二,年
 
EEENNNDDD
EEENNNDDD
EEENNNDDD
EEENNNDDD
EEENNNDDD
EEENNNDDD
EEENNNDDD
EEENNNDDD
EEENNNDDD
EEENNNDDD
EEENNNDDD
EEENNNDDD
EEENNNDDD
有,期,徒,刑
一,年
二
个
月
 
EEENNNDDD
EEENNNDDD
EEENNNDDD
有,期,徒,刑
一,年
 
缓,刑
一,年
 
EEENNNDDD
有,期,徒,刑
一,年
 
缓,刑
二,年
 
EEENNNDDD
有,期,徒,刑
三,年
 
EEENNNDDD
有,期,徒,刑
一,年
 
缓,刑
一,年
 
EEENNNDDD
有,期,徒,刑
一,年
 
EEENNNDDD
有,期,徒,刑
一,年
 
缓,刑
二,年
 
EEENNNDDD
有,期,徒,刑
一,年
 
缓,刑
一,年
六,个,月
 
EEENNNDDD
有,期,徒,刑
一,年
 
EEENNNDDD
有,期,徒,刑
九,个,月
 
缓,刑
一,年
六,个,月
 
EEENNNDDD
有,期,徒,刑
一,年
六,个,月
 
缓,刑
二,年
 
EEENNNDDD
有,期,徒,刑
三,年
 
缓,刑
四,年
 
EEENNNDDD
有,期,徒,刑
九,个,月
 
缓,刑
一,年
 
EEENNNDDD
有,期,徒,刑
一,年
六,个,月
 
缓,刑
二,年
 
完,成
公,益,劳,动
 
有,期,徒,刑
八,个,月
 
缓,刑
一,年
 
EEENNNDDD
有,期,徒,刑
六,个,月
 
缓,刑
一,年
 
EEENNNDDD
有,期,徒,刑
二,年
 
缓,刑
三,年
 
EEENNNDDD
有,期,徒,刑
四,年
 
EEENNNDDD
有,期,徒,刑
十,个,月
 
缓,刑
一,年
 
EEENNNDDD
有,期,徒,刑
九,个,月
 
EEENNNDDD
有,期,徒,刑
九,个,月
 
缓,刑
一,年
 
EEENNNDDD
EEENNNDDD
EEENNNDDD
EEENNNDDD
EEENNNDDD
有,期,徒,刑
四,年
 
EEENNNDDD
EEENNNDDD
有,期,徒,刑
一,年
 
缓,刑
二,年
 
EEENNNDDD
有,期,徒,刑
一,年
 
缓,刑
二,年
 
EEENNNDDD
有,期,徒,刑
十,个,月
 
缓,刑
一,年
 
EEENNNDDD
EEENNNDDD
有,期,徒,刑
一,年
二
个
月
 
缓,刑
一,年
六,个,月
 
EEENNNDDD
EEENNNDDD
有,期,徒,刑
二,年
三,个,月
 
EEENNNDDD
有,期,徒,刑
三,年
 
缓,刑
三,年
 
EEENNNDDD
EEENNNDDD
有,期,徒,刑
一,年
 
缓,刑
一,年
六,个,月
 
EEENNNDDD
有,期,徒,刑
三,年
 
缓,刑
四,年
 
EEENNNDDD
EEENNNDDD
EEENNNDDD
EEENNNDDD
有,期,徒,刑
一,年
八,个,月
 
EEENNNDDD
EEENNNDDD
有,期,徒,刑
二,年
 
缓,刑
二,年
六,个,月
 
EEENNNDDD
有,期,徒,刑
八,个,月
 
缓,刑
一,年
 
EEENNNDDD
有,期,徒,刑
八,个,月
 
EEENNNDDD
有,期,徒,刑
三,年
 
缓,刑
四,年
 
EEENNNDDD
有,期,徒,刑
二,年
 
缓,刑
三,年
 
EEENNNDDD
有,期,徒,刑
十,个,月
 
EEENNNDDD
有,期,徒,刑
一,年
 
缓,刑
一,年
 
EEENNNDDD
有,期,徒,刑
一,年
二
个
月
 
缓,刑
二,年
 
EEENNNDDD
有,期,徒,刑
六,个,月
 
缓,刑
一,年
 
EEENNNDDD
有,期,徒,刑
二,年
 
缓,刑
二,年
 
EEENNNDDD
有,期,徒,刑
一,年
 
缓,刑
一,年
 
EEENNNDDD
有,期,徒,刑
二,年
 
EEENNNDDD
EEENNNDDD
EEENNNDDD
有,期,徒,刑
一,年
 
缓,刑
二,年
 
EEENNNDDD
有,期,徒,刑
一,年
 
缓,刑
一,年
三,个,月
 
EEENNNDDD
有,期,徒,刑
二,年
 
缓,刑
三,年
 
EEENNNDDD
有,期,徒,刑
一,年
十,个,月
 
EEENNNDDD
有,期,徒,刑
十,个,月
 
EEENNNDDD
有,期,徒,刑
八,个,月
 
EEENNNDDD
有,期,徒,刑
九,个,月
 
缓,刑
一,年
 
EEENNNDDD
有,期,徒,刑
一,年
 
缓,刑
二,年
 
EEENNNDDD
有,期,徒,刑
一,年
 
缓,刑
一,年
六,个,月
 
EEENNNDDD
EEENNNDDD
EEENNNDDD
EEENNNDDD
有,期,徒,刑
一,年
 
缓,刑
二,年
 
EEENNNDDD
有,期,徒,刑
一,年
四,个,月
 
缓,刑
二,年
 
EEENNNDDD
有,期,徒,刑
二,年
 
缓,刑
二,年
 
EEENNNDDD
有,期,徒,刑
一
年
零
二
个
月
 
缓,刑
一
年
零
六,个,月
 
EEENNNDDD
有,期,徒,刑
一,年
 
缓,刑
一,年
 
